[
    {
      "id": 1,
      "estado": "activo",
      "cliente": "Juan",
      "productos": [
        0, 1
      ],
      "total": 49.99
    },
    {
      "id": 2,
      "estado": "activo",
      "cliente": "María",
      "productos": [
        3, 2, 1
      ],
      "total": 79.98
    },
    {
      "id": 3,
      "estado": "cancelado",
      "cliente": "Pedro",
      "productos": [
       4
      ],
      "total": 649.99
    },
    {
      "id": 4,
      "estado": "activo",
      "cliente": "Laura",
      "productos": [
        0, 4, 1
      ],
      "total": 16.98
    },
    {
      "id": 5,
      "estado": "cancelado",
      "cliente": "Carlos",
      "productos": [
        3, 1, 4
      ],
      "total": 4.98
    }
  ]