[
  {
    "id": 1,
    "nombre": "Juan",
    "edad": 25,
    "email": "juan@example.com",
    "ciudad": "Ciudad de México"
  },
  {
    "id": 2,
    "nombre": "María",
    "edad": 30,
    "email": "maria@example.com",
    "ciudad": "Madrid"
  },
  {
    "id": 3,
    "nombre": "John",
    "edad": 35,
    "email": "john@example.com",
    "ciudad": "Nueva York"
  },
  {
    "id": 4,
    "nombre": "Emma",
    "edad": 28,
    "email": "emma@example.com",
    "ciudad": "Londres"
  },
  {
    "id": 5,
    "nombre": "Luisa",
    "edad": 32,
    "email": "luisa@example.com",
    "ciudad": "Bogotá"
  }
]