[
  {
    "id": 1,
    "nombre": "Camiseta",
    "precio": 19.99,
    "descripcion": "Camiseta de algodón de manga corta",
    "categoria": "Ropa"
  },
  {
    "id": 2,
    "nombre": "Zapatillas",
    "precio": 59.99,
    "descripcion": "Zapatillas deportivas para correr",
    "categoria": "Calzado"
  },
  {
    "id": 3,
    "nombre": "Teléfono móvil",
    "precio": 499.99,
    "descripcion": "Teléfono inteligente con pantalla táctil",
    "categoria": "Electrónica"
  },
  {
    "id": 4,
    "nombre": "Libro",
    "precio": 12.99,
    "descripcion": "Novela de ficción",
    "categoria": "Libros"
  },
  {
    "id": 5,
    "nombre": "Bolígrafo",
    "precio": 1.99,
    "descripcion": "Bolígrafo de tinta negra",
    "categoria": "Material de oficina"
  }
]